Feature,Importance,City
load_avg3,3258180510249.0,Fuzhou
load_lag1,46065893123.0,Fuzhou
Temperature,4924083818.0,Fuzhou
Humidity,825460097.0,Fuzhou
dayOfWeek,386960221.0,Fuzhou
Month,267891839.0,Fuzhou
Holiday,1133811.0,Fuzhou
load_avg3,210979716222.78125,Singapore
load_lag1,44234831487.27246,Singapore
Temperature,752812048.3876953,Singapore
Humidity,395418544.6796875,Singapore
Month,84642516.09960938,Singapore
Holiday,84520798.69921875,Singapore
dayOfWeek,33095487.48828125,Singapore
load_avg3,1164487250318.8828,La
load_lag1,156247200307.3086,La
Temperature,78509017922.51562,La
Humidity,2687378591.9257812,La
Month,2036969857.7109375,La
Holiday,990920838.0,La
dayOfWeek,72901753.09765625,La
load_avg3,26343241682329.0,Ny
load_lag1,1677319049783.0,Ny
Temperature,473817033377.0,Ny
Month,11609848259.0,Ny
Humidity,10647019873.0,Ny
Holiday,8518215216.0,Ny
dayOfWeek,1707168902.0,Ny
load_avg3,573906984573.79,Sac
load_lag1,56555048805.12012,Sac
Temperature,51613711008.26367,Sac
Month,1240795798.2890625,Sac
Humidity,279690080.0185547,Sac
Holiday,190781820.00195312,Sac
dayOfWeek,26357872.108398438,Sac
